{
    "dors_caud": 0.6881533101045296,
    "all": 0.8702090592334495,
    "dors_late": 0.8564294631710362
}