{
    "caud": 0.5137366737739872,
    "dors": 0.8496271841845188,
    "fron": 0.4063528138528138,
    "late": 0.7838225495860344
}