{
    "Callosobruchus": 0.6150320040236611,
    "Specularius": 1.0,
    "Acanthoscelides": 0.7798465423465424,
    "Algarobius": 0.8214285714285714,
    "Bruchidius": 0.9573132454488387,
    "Bruchus": 0.5271379310344828,
    "Caryedon": 1.0,
    "Caryobruchus": 1.0,
    "Decellebruchus": 1.0,
    "Megabruchidius": 1.0,
    "Mimosestes": 0.9544855671337884,
    "Pseudopachymerina": 1.0,
    "Rhipibruchus": 1.0,
    "Stator": 0.9805897723030981
}