{
    "dors_caud": 0.6411149825783972,
    "all": 0.7822299651567944,
    "dors_late": 0.7915106117353309
}