{
    "caud": 0.4296925858951175,
    "dors": 0.7399124642025267,
    "fron": 0.4063528138528138,
    "late": 0.7838225495860344
}