{
    "caud": 0.5137366737739872,
    "dors": 0.8843920713798792,
    "fron": 0.46008254643032465,
    "late": 0.8557379413008811
}