{
    "caud": 0.33693605825797246,
    "dors": 0.7062219584340341,
    "fron": 0.2869716262573405,
    "late": 0.699813611162281
}