{
    "caud": 0.591197374866404,
    "dors": 0.73660315141466,
    "fron": 0.2869716262573405,
    "late": 0.699813611162281
}