{
    "caud": 0.591197374866404,
    "dors": 0.8003201650783174,
    "fron": 0.46229684714338654,
    "late": 0.8987518101285803
}