{
    "caud": 0.591197374866404,
    "dors": 0.73660315141466,
    "fron": 0.46229684714338654,
    "late": 0.699813611162281
}